{
	"dataset": "CSL",
	"splits": {
		"train": {
			"n_streams": 1467,
			"total_duration_h": 22.099755555555575,
			"stream_dur_mean_s": 54.23252897068848,
			"stream_dur_median_s": 52.32,
			"stream_dur_p90_s": 81.10400000000001,
			"n_cues": 15564,
			"cues_per_stream_mean": 10.609406952965236,
			"cue_dur_mean_s": 3.652852737085582,
			"cue_dur_median_s": 3.0,
			"cue_dur_p90_s": 6.0,
			"pause_count": 14097,
			"pause_mean_s": 0.982762289848904,
			"pause_median_s": 0.0,
			"pause_p90_s": 2.0,
			"signing_density": 0.7146006642607403,
			"word_vocab_size": 2270,
			"word_total_tokens": 225527,
			"word_avg_tokens_per_cue": 14.490298123875611,
			"top10_word_tokens": [
				["的", 8601],
				["我", 5678],
				["了", 4286],
				["不", 4116],
				["是", 3075],
				["一", 3063],
				["他", 2775],
				["人", 2487],
				["有", 2441],
				["你", 2144]
			],
			"bpe_vocab_used": 5739,
			"bpe_vocab_size": 5994,
			"bpe_total_tokens": 181725,
			"bpe_avg_tokens_per_cue": 11.675983037779492,
			"n_signers": 10
		},
		"val": {
			"n_streams": 86,
			"total_duration_h": 1.2947333333333333,
			"stream_dur_mean_s": 54.19813953488372,
			"stream_dur_median_s": 51.64,
			"stream_dur_p90_s": 81.56,
			"n_cues": 886,
			"cues_per_stream_mean": 10.30232558139535,
			"cue_dur_mean_s": 3.775395033860045,
			"cue_dur_median_s": 4.0,
			"cue_dur_p90_s": 6.0,
			"pause_count": 800,
			"pause_mean_s": 0.97,
			"pause_median_s": 0.0,
			"pause_p90_s": 2.0,
			"signing_density": 0.7176509963441635,
			"word_vocab_size": 1121,
			"word_total_tokens": 12910,
			"word_avg_tokens_per_cue": 14.571106094808126,
			"top10_word_tokens": [
				["的", 531],
				["我", 278],
				["不", 217],
				["了", 176],
				["有", 175],
				["是", 174],
				["一", 168],
				["人", 167],
				["你", 160],
				["他", 158]
			],
			"bpe_vocab_used": 1833,
			"bpe_vocab_size": 5994,
			"bpe_total_tokens": 10440,
			"bpe_avg_tokens_per_cue": 11.783295711060948,
			"n_signers": 10
		},
		"test": {
			"n_streams": 94,
			"total_duration_h": 1.5652666666666664,
			"stream_dur_mean_s": 59.946382978723385,
			"stream_dur_median_s": 53.56,
			"stream_dur_p90_s": 92.176,
			"n_cues": 1012,
			"cues_per_stream_mean": 10.76595744680851,
			"cue_dur_mean_s": 3.994071146245059,
			"cue_dur_median_s": 4.0,
			"cue_dur_p90_s": 6.0,
			"pause_count": 918,
			"pause_mean_s": 1.0849673202614378,
			"pause_median_s": 0.0,
			"pause_p90_s": 2.0,
			"signing_density": 0.7173076650056079,
			"word_vocab_size": 1169,
			"word_total_tokens": 15199,
			"word_avg_tokens_per_cue": 15.018774703557312,
			"top10_word_tokens": [
				["的", 607],
				["我", 314],
				["了", 286],
				["不", 266],
				["是", 210],
				["一", 188],
				["有", 182],
				["人", 178],
				["你", 164],
				["他", 163]
			],
			"bpe_vocab_used": 1966,
			"bpe_vocab_size": 5994,
			"bpe_total_tokens": 12185,
			"bpe_avg_tokens_per_cue": 12.040513833992096,
			"n_signers": 10
		}
	}
}
