{
	"dataset": "CSL",
	"splits": {
		"train": {
			"n_streams": 4565,
			"total_duration_h": 25.764370370370433,
			"stream_dur_mean_s": 20.318013873676524,
			"stream_dur_median_s": 18.466666666666665,
			"stream_dur_p90_s": 31.506666666666693,
			"n_cues": 15056,
			"cues_per_stream_mean": 3.2981380065717416,
			"cue_dur_mean_s": 3.514346439957492,
			"cue_dur_median_s": 3.0,
			"cue_dur_p90_s": 6.0,
			"pause_count": 10491,
			"pause_mean_s": 0.8867600800686303,
			"pause_median_s": 0.0,
			"pause_p90_s": 2.0,
			"signing_density": 0.5704691233083861,
			"word_vocab_size": 2242,
			"word_total_tokens": 217507,
			"word_avg_tokens_per_cue": 14.446532943676939,
			"top10_word_tokens": [
				["的", 8329],
				["我", 5308],
				["了", 4197],
				["不", 4000],
				["是", 2986],
				["一", 2898],
				["他", 2776],
				["人", 2439],
				["有", 2234],
				["你", 2199]
			],
			"bpe_vocab_used": 5757,
			"bpe_vocab_size": 5827,
			"bpe_total_tokens": 175081,
			"bpe_avg_tokens_per_cue": 11.628653028692879,
			"n_signers": 10
		},
		"val": {
			"n_streams": 269,
			"total_duration_h": 1.5397222222222218,
			"stream_dur_mean_s": 20.605947955390334,
			"stream_dur_median_s": 19.066666666666666,
			"stream_dur_p90_s": 32.120000000000005,
			"n_cues": 880,
			"cues_per_stream_mean": 3.2713754646840147,
			"cue_dur_mean_s": 3.631818181818182,
			"cue_dur_median_s": 3.0,
			"cue_dur_p90_s": 6.0,
			"pause_count": 611,
			"pause_mean_s": 1.0376432078559739,
			"pause_median_s": 0.0,
			"pause_p90_s": 2.0,
			"signing_density": 0.5765830777557281,
			"word_vocab_size": 1145,
			"word_total_tokens": 12791,
			"word_avg_tokens_per_cue": 14.535227272727273,
			"top10_word_tokens": [
				["的", 492],
				["我", 304],
				["了", 227],
				["不", 194],
				["是", 170],
				["有", 168],
				["一", 168],
				["他", 159],
				["你", 155],
				["人", 148]
			],
			"bpe_vocab_used": 1846,
			"bpe_vocab_size": 5827,
			"bpe_total_tokens": 10420,
			"bpe_avg_tokens_per_cue": 11.840909090909092,
			"n_signers": 10
		},
		"test": {
			"n_streams": 294,
			"total_duration_h": 1.7165000000000008,
			"stream_dur_mean_s": 21.018367346938774,
			"stream_dur_median_s": 19.833333333333336,
			"stream_dur_p90_s": 31.78,
			"n_cues": 957,
			"cues_per_stream_mean": 3.2551020408163267,
			"cue_dur_mean_s": 3.8819226750261233,
			"cue_dur_median_s": 4.0,
			"cue_dur_p90_s": 6.0,
			"pause_count": 663,
			"pause_mean_s": 0.9049773755656109,
			"pause_median_s": 0.0,
			"pause_p90_s": 2.0,
			"signing_density": 0.6011910541476515,
			"word_vocab_size": 1138,
			"word_total_tokens": 14293,
			"word_avg_tokens_per_cue": 14.93521421107628,
			"top10_word_tokens": [
				["的", 593],
				["我", 332],
				["了", 257],
				["不", 233],
				["是", 207],
				["一", 172],
				["有", 166],
				["人", 163],
				["他", 161],
				["在", 132]
			],
			"bpe_vocab_used": 1930,
			"bpe_vocab_size": 5827,
			"bpe_total_tokens": 11541,
			"bpe_avg_tokens_per_cue": 12.059561128526646,
			"n_signers": 10
		}
	}
}
