{
	"dataset": "CSL",
	"splits": {
		"train": {
			"n_streams": 1467,
			"total_duration_h": 21.67291111111114,
			"stream_dur_mean_s": 53.185057941376954,
			"stream_dur_median_s": 50.16,
			"stream_dur_p90_s": 82.4,
			"n_cues": 15225,
			"cues_per_stream_mean": 10.378323108384459,
			"cue_dur_mean_s": 3.673431855500821,
			"cue_dur_median_s": 3.0,
			"cue_dur_p90_s": 6.0,
			"pause_count": 13758,
			"pause_mean_s": 0.9387265590928914,
			"pause_median_s": 0.0,
			"pause_p90_s": 2.0,
			"signing_density": 0.7168190500994062,
			"word_vocab_size": 2254,
			"word_total_tokens": 220516,
			"word_avg_tokens_per_cue": 14.483809523809525,
			"top10_word_tokens": [
				["的", 8329],
				["我", 5572],
				["了", 4146],
				["不", 3924],
				["一", 3131],
				["是", 3000],
				["他", 2759],
				["人", 2552],
				["有", 2326],
				["你", 2134]
			],
			"bpe_vocab_used": 5810,
			"bpe_vocab_size": 5839,
			"bpe_total_tokens": 177573,
			"bpe_avg_tokens_per_cue": 11.663251231527093,
			"n_signers": 10
		},
		"val": {
			"n_streams": 86,
			"total_duration_h": 1.4305111111111108,
			"stream_dur_mean_s": 59.88186046511628,
			"stream_dur_median_s": 55.8,
			"stream_dur_p90_s": 88.32,
			"n_cues": 942,
			"cues_per_stream_mean": 10.953488372093023,
			"cue_dur_mean_s": 3.8842887473460723,
			"cue_dur_median_s": 4.0,
			"cue_dur_p90_s": 6.0,
			"pause_count": 856,
			"pause_mean_s": 1.0782710280373833,
			"pause_median_s": 0.0,
			"pause_p90_s": 2.0,
			"signing_density": 0.7105075109129605,
			"word_vocab_size": 1123,
			"word_total_tokens": 13731,
			"word_avg_tokens_per_cue": 14.57643312101911,
			"top10_word_tokens": [
				["的", 530],
				["我", 345],
				["了", 235],
				["不", 233],
				["是", 194],
				["一", 170],
				["你", 166],
				["人", 162],
				["有", 156],
				["他", 153]
			],
			"bpe_vocab_used": 1772,
			"bpe_vocab_size": 5839,
			"bpe_total_tokens": 11151,
			"bpe_avg_tokens_per_cue": 11.837579617834395,
			"n_signers": 10
		},
		"test": {
			"n_streams": 94,
			"total_duration_h": 1.5621777777777777,
			"stream_dur_mean_s": 59.82808510638299,
			"stream_dur_median_s": 58.84,
			"stream_dur_p90_s": 90.432,
			"n_cues": 1034,
			"cues_per_stream_mean": 11.0,
			"cue_dur_mean_s": 4.054158607350097,
			"cue_dur_median_s": 4.0,
			"cue_dur_p90_s": 6.0,
			"pause_count": 940,
			"pause_mean_s": 0.9776595744680852,
			"pause_median_s": 0.0,
			"pause_p90_s": 2.0,
			"signing_density": 0.7453981621098752,
			"word_vocab_size": 1179,
			"word_total_tokens": 15085,
			"word_avg_tokens_per_cue": 14.588974854932301,
			"top10_word_tokens": [
				["的", 602],
				["我", 379],
				["了", 280],
				["不", 258],
				["是", 229],
				["有", 181],
				["他", 173],
				["人", 172],
				["你", 167],
				["一", 162]
			],
			"bpe_vocab_used": 1952,
			"bpe_vocab_size": 5839,
			"bpe_total_tokens": 12241,
			"bpe_avg_tokens_per_cue": 11.838491295938104,
			"n_signers": 10
		}
	}
}
