{
	"dataset": "H2S",
	"splits": {
		"train": {
			"n_streams": 2179,
			"total_duration_h": 35.880314814814874,
			"stream_dur_mean_s": 59.279088266789046,
			"stream_dur_median_s": 53.2,
			"stream_dur_p90_s": 96.44000000000001,
			"n_cues": 28726,
			"cues_per_stream_mean": 13.183111519045434,
			"cue_dur_mean_s": 4.760948269860057,
			"cue_dur_median_s": 4.0,
			"cue_dur_p90_s": 10.0,
			"pause_count": 26548,
			"pause_mean_s": 0.6272788910652404,
			"pause_median_s": 0.0,
			"pause_p90_s": 2.0,
			"signing_density": 1.0587901031051261,
			"word_vocab_size": 14726,
			"word_total_tokens": 536117,
			"word_avg_tokens_per_cue": 18.663127480331408,
			"top10_word_tokens": [
				["the", 23899],
				["to", 21640],
				["you", 18583],
				["and", 16925],
				["a", 14257],
				["it", 11591],
				["that", 10620],
				["of", 9771],
				["is", 9038],
				["i", 7232]
			],
			"bpe_vocab_used": 10678,
			"bpe_vocab_size": 10708,
			"bpe_total_tokens": 671610,
			"bpe_avg_tokens_per_cue": 23.37986493072478,
			"n_signers": 0
		},
		"val": {
			"n_streams": 115,
			"total_duration_h": 1.8860000000000001,
			"stream_dur_mean_s": 59.03999999999999,
			"stream_dur_median_s": 55.666666666666664,
			"stream_dur_p90_s": 97.46666666666668,
			"n_cues": 1604,
			"cues_per_stream_mean": 13.947826086956521,
			"cue_dur_mean_s": 4.584788029925187,
			"cue_dur_median_s": 4.0,
			"cue_dur_p90_s": 9.0,
			"pause_count": 1489,
			"pause_mean_s": 0.4801880456682337,
			"pause_median_s": 0.0,
			"pause_p90_s": 1.0,
			"signing_density": 1.0831271356191823,
			"word_vocab_size": 3084,
			"word_total_tokens": 29668,
			"word_avg_tokens_per_cue": 18.496259351620946,
			"top10_word_tokens": [
				["the", 1275],
				["to", 1236],
				["you", 1034],
				["and", 1006],
				["a", 760],
				["it", 702],
				["that", 570],
				["of", 498],
				["is", 487],
				["i", 449]
			],
			"bpe_vocab_used": 3214,
			"bpe_vocab_size": 10708,
			"bpe_total_tokens": 37541,
			"bpe_avg_tokens_per_cue": 23.404613466334165,
			"n_signers": 0
		},
		"test": {
			"n_streams": 149,
			"total_duration_h": 2.760055555555555,
			"stream_dur_mean_s": 66.68590604026846,
			"stream_dur_median_s": 58.4,
			"stream_dur_p90_s": 110.06666666666668,
			"n_cues": 2172,
			"cues_per_stream_mean": 14.577181208053691,
			"cue_dur_mean_s": 4.749079189686925,
			"cue_dur_median_s": 4.0,
			"cue_dur_p90_s": 10.0,
			"pause_count": 2023,
			"pause_mean_s": 0.7241720217498764,
			"pause_median_s": 0.0,
			"pause_p90_s": 2.0,
			"signing_density": 1.0381232261830482,
			"word_vocab_size": 3554,
			"word_total_tokens": 40662,
			"word_avg_tokens_per_cue": 18.72099447513812,
			"top10_word_tokens": [
				["the", 1675],
				["to", 1626],
				["you", 1431],
				["and", 1370],
				["a", 1052],
				["it", 849],
				["that", 752],
				["of", 729],
				["is", 638],
				["i", 591]
			],
			"bpe_vocab_used": 3539,
			"bpe_vocab_size": 10708,
			"bpe_total_tokens": 51392,
			"bpe_avg_tokens_per_cue": 23.661141804788215,
			"n_signers": 0
		}
	}
}
