{
	"dataset": "PHOENIX",
	"splits": {
		"train": {
			"n_streams": 564,
			"total_duration_h": 6.992533333333329,
			"stream_dur_mean_s": 44.6331914893617,
			"stream_dur_median_s": 41.6,
			"stream_dur_p90_s": 65.2,
			"n_cues": 4327,
			"cues_per_stream_mean": 7.671985815602837,
			"cue_dur_mean_s": 4.16246822278715,
			"cue_dur_median_s": 4.0,
			"cue_dur_p90_s": 7.0,
			"pause_count": 3763,
			"pause_mean_s": 0.9914961466914696,
			"pause_median_s": 0.0,
			"pause_p90_s": 2.0,
			"signing_density": 0.715485406655989,
			"word_vocab_size": 2104,
			"word_total_tokens": 60565,
			"word_avg_tokens_per_cue": 13.996995608966952,
			"top10_word_tokens": [
				["und", 2598],
				["im", 1775],
				["es", 1731],
				["der", 1421],
				["am", 1374],
				["in", 1140],
				["die", 1135],
				["auch", 1075],
				["grad", 1060],
				["bis", 930]
			],
			"bpe_vocab_used": 1597,
			"bpe_vocab_size": 1901,
			"bpe_total_tokens": 101206,
			"bpe_avg_tokens_per_cue": 23.38941529928357,
			"n_signers": 387
		},
		"val": {
			"n_streams": 27,
			"total_duration_h": 0.10311111111111113,
			"stream_dur_mean_s": 13.748148148148148,
			"stream_dur_median_s": 12.96,
			"stream_dur_p90_s": 20.800000000000004,
			"n_cues": 56,
			"cues_per_stream_mean": 2.074074074074074,
			"cue_dur_mean_s": 3.4107142857142856,
			"cue_dur_median_s": 3.0,
			"cue_dur_p90_s": 5.5,
			"pause_count": 30,
			"pause_mean_s": 0.5666666666666667,
			"pause_median_s": 0.0,
			"pause_p90_s": 1.1000000000000014,
			"signing_density": 0.5145474137931034,
			"word_vocab_size": 290,
			"word_total_tokens": 696,
			"word_avg_tokens_per_cue": 12.428571428571429,
			"top10_word_tokens": [
				["und", 34],
				["der", 28],
				["in", 25],
				["es", 23],
				["im", 19],
				["auch", 15],
				["am", 15],
				["grad", 13],
				["nacht", 12],
				["die", 9]
			],
			"bpe_vocab_used": 361,
			"bpe_vocab_size": 1901,
			"bpe_total_tokens": 1160,
			"bpe_avg_tokens_per_cue": 20.714285714285715,
			"n_signers": 25
		},
		"test": {
			"n_streams": 38,
			"total_duration_h": 0.1674666666666667,
			"stream_dur_mean_s": 15.865263157894736,
			"stream_dur_median_s": 15.12,
			"stream_dur_p90_s": 25.800000000000008,
			"n_cues": 95,
			"cues_per_stream_mean": 2.5,
			"cue_dur_mean_s": 3.3157894736842106,
			"cue_dur_median_s": 3.0,
			"cue_dur_p90_s": 5.0,
			"pause_count": 57,
			"pause_mean_s": 0.8070175438596491,
			"pause_median_s": 0.0,
			"pause_p90_s": 2.0,
			"signing_density": 0.5224920382165604,
			"word_vocab_size": 358,
			"word_total_tokens": 1101,
			"word_avg_tokens_per_cue": 11.589473684210526,
			"top10_word_tokens": [
				["und", 43],
				["es", 32],
				["im", 29],
				["die", 28],
				["der", 25],
				["auch", 22],
				["morgen", 20],
				["am", 19],
				["in", 17],
				["sich", 17]
			],
			"bpe_vocab_used": 418,
			"bpe_vocab_size": 1901,
			"bpe_total_tokens": 1881,
			"bpe_avg_tokens_per_cue": 19.8,
			"n_signers": 35
		}
	}
}
